id,sub_genre,index
0,Rock,0
1,"Electronic, Rock, Funk / Soul, Pop",1
2,Rock,2
3,"Rock, Pop",3
4,Rock,4
5,Rock,5
6,Electronic,6
7,"Folk, World, & Country",7
8,Rock,8
9,Rock,9
10,"Rock, Folk, World, & Country",10
11,Rock,11
12,Rock,12
13,"Electronic, Funk / Soul",13
14,Rock,14
15,Rock,15
16,"Folk, World, & Country",16
17,Rock,17
18,"Rock, Pop",18
19,Rock,19
20,Rock,20
21,Rock,21
22,Reggae,22
23,Rock,23
24,Rock,24
25,Rock,25
26,"Rock, Latin, Funk / Soul",26
27,Rock,27
28,"Funk / Soul, Pop",28
29,Rock,29
30,"Electronic, Hip Hop, Pop",30
31,"Folk, World, & Country",31
32,"Rock, Pop",32
33,Rock,33
34,"Rock, Pop",34
35,Rock,35
36,Rock,36
37,Rock,37
38,Electronic,38
39,"Electronic, Funk / Soul",39
40,Rock,40
41,"Hip Hop, Funk / Soul, Pop",41
42,Rock,42
43,"Pop, Folk, World, & Country",43
44,Hip Hop,44
45,Rock,45
46,Electronic,46
47,"Jazz, Funk / Soul",47
48,"Pop, Folk, World, & Country",48
49,Rock,49
50,"Rock, Non-Music",50
51,Rock,51
52,"Rock, Folk, World, & Country",52
53,"Electronic, Rock, Funk / Soul, Pop, Stage & Screen",53
54,Rock,54
55,Rock,55
56,"Rock, Pop",56
57,"Electronic, Hip Hop",57
58,"Funk / Soul, Pop",58
59,Rock,59
60,"Pop, Stage & Screen",60
61,"Rock, Blues",61
62,Rock,62
63,Rock,63
64,"Folk, World, & Country",64
65,Rock,65
66,Pop,66
67,Pop,67
68,Rock,68
69,"Electronic, Hip Hop, Pop",69
70,Rock,70
71,Rock,71
72,Hip Hop,72
73,Hip Hop,73
74,"Hip Hop, Funk / Soul",74
75,"Rock, Folk, World, & Country",75
76,"Electronic, Rock, Funk / Soul, Pop, Stage & Screen",76
77,"Electronic, Rock, Funk / Soul, Pop, Stage & Screen",77
78,Rock,78
79,Rock,79
80,"Hip Hop, Funk / Soul",80
81,"Electronic, Hip Hop",81
82,Hip Hop,82
83,Hip Hop,83
84,Hip Hop,84
85,"Rock, Pop",85
86,Rock,86
87,"Electronic, Hip Hop, Pop",87
88,"Electronic, Pop",88
89,Rock,89
90,"Pop, Stage & Screen",90
91,Rock,91
92,Rock,92
93,"Pop, Folk, World, & Country",93
94,Rock,94
95,"Pop, Folk, World, & Country",95
96,Rock,96
97,Hip Hop,97
98,Hip Hop,98
99,Hip Hop,99
100,Hip Hop,100
101,Rock,101
102,"Folk, World, & Country",102
103,"Folk, World, & Country",103
104,"Folk, World, & Country",104
105,"Folk, World, & Country",105
106,"Electronic, Rock, Funk / Soul, Pop",106
107,Rock,107
108,Rock,108
109,"Rock, Pop",109
110,Pop,110
111,"Electronic, Hip Hop, Pop",111
112,Rock,112
113,Funk / Soul,113
114,Electronic,114
115,Pop,115
116,"Latin, Pop",116
117,Hip Hop,117
118,"Electronic, Pop",118
119,"Electronic, Pop",119
120,"Hip Hop, Funk / Soul, Pop",120
121,"Hip Hop, Funk / Soul, Pop",121
122,Pop,122
123,"Electronic, Rock, Funk / Soul, Pop",123
124,"Electronic, Pop, Folk, World, & Country",124
125,Rock,125
126,Rock,126
127,Rock,127
128,Blues,128
129,"Rock, Pop",129
130,"Folk, World, & Country",130
131,Rock,131
132,"Hip Hop, Funk / Soul",132
133,Rock,133
134,"Electronic, Rock, Funk / Soul, Pop, Stage & Screen",134
135,Funk / Soul,135
136,"Folk, World, & Country",136
137,"Electronic, Hip Hop, Pop",137
138,Hip Hop,138
139,Rock,139
140,Rock,140
141,Funk / Soul,141
142,Rock,142
143,Rock,143
144,Hip Hop,144
145,Rock,145
146,"Electronic, Pop",146
147,"Rock, Pop",147
148,"Hip Hop, Funk / Soul, Pop",148
149,"Electronic, Hip Hop, Rock, Funk / Soul, Pop",149
150,Rock,150
151,Rock,151
152,"Pop, Folk, World, & Country",152
153,Rock,153
154,"Folk, World, & Country",154
155,"Rock, Pop",155
156,Rock,156
157,Rock,157
158,"Rock, Folk, World, & Country",158
159,"Hip Hop, Funk / Soul, Pop",159
160,"Rock, Pop",160
161,"Electronic, Reggae, Pop",161
162,"Electronic, Rock, Funk / Soul, Pop, Stage & Screen",162
163,"Electronic, Rock, Funk / Soul, Pop, Stage & Screen",163
164,"Folk, World, & Country",164
165,"Folk, World, & Country",165
166,"Electronic, Pop",166
167,Electronic,167
168,"Electronic, Funk / Soul",168
169,Hip Hop,169
170,"Funk / Soul, Pop",170
171,Rock,171
172,Rock,172
173,"Electronic, Hip Hop, Rock, Funk / Soul, Pop",173
174,"Electronic, Hip Hop, Rock, Funk / Soul, Pop",174
175,"Folk, World, & Country",175
176,"Hip Hop, Pop",176
177,Funk / Soul,177
178,"Folk, World, & Country",178
179,Rock,179
180,"Folk, World, & Country",180
181,Rock,181
182,"Electronic, Hip Hop, Pop",182
183,"Folk, World, & Country",183
184,"Folk, World, & Country",184
185,"Electronic, Funk / Soul, Pop",185
186,Pop,186
187,Rock,187
188,"Rock, Pop",188
189,Electronic,189
190,"Hip Hop, Classical",190
191,Pop,191
192,Pop,192
193,"Jazz, Funk / Soul",193
194,"Rock, Funk / Soul, Pop, Folk, World, & Country",194
195,"Electronic, Hip Hop, Pop",195
196,"Hip Hop, Funk / Soul",196
197,Rock,197
198,Electronic,198
199,Electronic,199
200,"Rock, Pop",200
201,Rock,201
202,"Rock, Pop",202
203,"Electronic, Rock, Funk / Soul, Pop",203
204,"Electronic, Rock, Funk / Soul, Pop",204
205,"Electronic, Rock, Funk / Soul, Pop",205
206,Electronic,206
207,"Electronic, Pop",207
208,Rock,208
209,Hip Hop,209
210,Rock,210
211,Hip Hop,211
212,"Electronic, Funk / Soul, Pop",212
213,"Rock, Pop",213
214,Rock,214
215,"Electronic, Rock, Funk / Soul, Pop, Stage & Screen",215
216,"Electronic, Rock, Funk / Soul, Pop, Stage & Screen",216
217,Rock,217
218,"Funk / Soul, Pop",218
219,"Electronic, Pop",219
220,"Folk, World, & Country",220
221,"Folk, World, & Country",221
222,Rock,222
223,Hip Hop,223
224,"Hip Hop, Funk / Soul, Pop",224
225,"Hip Hop, Funk / Soul, Pop",225
226,Rock,226
227,Rock,227
228,Electronic,228
229,"Funk / Soul, Pop",229
230,Rock,230
231,Rock,231
232,"Rock, Pop",232
233,"Rock, Pop",233
234,"Rock, Pop",234
235,"Rock, Pop",235
236,"Rock, Stage & Screen",236
237,Rock,237
238,"Rock, Blues, Folk, World, & Country",238
239,Rock,239
240,"Electronic, Hip Hop, Rock, Funk / Soul, Pop",240
241,"Latin, Pop",241
242,Hip Hop,242
243,"Hip Hop, Funk / Soul",243
244,"Pop, Stage & Screen",244
245,Pop,245
246,"Rock, Pop",246
247,Rock,247
248,Hip Hop,248
249,Rock,249
250,"Folk, World, & Country",250
251,"Folk, World, & Country",251
252,Rock,252
253,Rock,253
254,Rock,254
255,"Pop, Folk, World, & Country",255
256,Hip Hop,256
257,"Electronic, Pop",257
258,Rock,258
259,"Electronic, Rock",259
260,Hip Hop,260
261,Rock,261
262,Rock,262
263,Rock,263
264,"Folk, World, & Country",264
265,"Folk, World, & Country",265
266,Rock,266
267,Rock,267
268,Rock,268
269,"Electronic, Hip Hop, Pop",269
270,Rock,270
271,"Rock, Folk, World, & Country",271
272,Electronic,272
273,"Hip Hop, Classical",273
274,Pop,274
275,Pop,275
276,Hip Hop,276
277,"Hip Hop, Rock",277
278,"Pop, Folk, World, & Country",278
279,Rock,279
280,"Electronic, Pop",280
281,"Rock, Pop",281
282,Pop,282
283,Funk / Soul,283
284,"Electronic, Pop",284
285,Hip Hop,285
286,"Electronic, Hip Hop, Pop",286
287,Rock,287
288,"Funk / Soul, Stage & Screen",288
289,Hip Hop,289
290,Rock,290
291,"Hip Hop, Rock, Funk / Soul",291
292,"Latin, Pop",292
293,"Electronic, Reggae, Pop",293
294,"Latin, Pop",294
295,"Rock, Latin, Funk / Soul",295
296,"Electronic, Rock, Pop",296
297,Rock,297
298,"Electronic, Rock, Funk / Soul, Pop, Stage & Screen",298
299,"Electronic, Hip Hop, Pop",299
300,"Folk, World, & Country",300
301,"Folk, World, & Country",301
302,"Folk, World, & Country",302
303,"Folk, World, & Country",303
304,"Folk, World, & Country",304
305,"Rock, Pop",305
306,"Rock, Pop",306
307,"Electronic, Pop",307
308,"Electronic, Hip Hop, Rock, Pop",308
309,Hip Hop,309
310,Rock,310
311,"Electronic, Pop",311
312,Pop,312
313,"Rock, Pop",313
314,Electronic,314
315,"Folk, World, & Country",315
316,"Folk, World, & Country",316
317,"Folk, World, & Country",317
318,"Hip Hop, Funk / Soul",318
319,"Hip Hop, Pop, Childrens",319
320,"Electronic, Pop",320
321,"Electronic, Rock, Funk / Soul, Pop",321
322,Hip Hop,322
323,Electronic,323
324,Rock,324
325,Rock,325
326,Rock,326
327,"Folk, World, & Country",327
328,Rock,328
329,"Electronic, Hip Hop, Rock, Funk / Soul, Pop",329
330,"Rock, Blues",330
331,"Pop, Stage & Screen",331
332,"Jazz, Rock",332
333,"Rock, Blues",333
334,"Rock, Blues",334
335,Rock,335
336,"Electronic, Pop",336
337,Rock,337
338,"Pop, Folk, World, & Country",338
339,Hip Hop,339
340,"Electronic, Hip Hop",340
341,Rock,341
342,Hip Hop,342
343,"Folk, World, & Country",343
344,"Folk, World, & Country",344
345,Rock,345
346,Rock,346
347,Rock,347
348,Hip Hop,348
349,"Folk, World, & Country",349
350,Pop,350
351,"Electronic, Hip Hop, Pop",351
352,"Electronic, Hip Hop, Pop",352
353,Rock,353
354,"Electronic, Rock, Pop",354
355,Hip Hop,355
356,Electronic,356
357,Rock,357
358,Rock,358
359,Rock,359
360,"Folk, World, & Country",360
361,Rock,361
362,"Folk, World, & Country",362
363,Rock,363
364,Funk / Soul,364
365,Funk / Soul,365
366,Electronic,366
367,Hip Hop,367
368,Hip Hop,368
369,"Electronic, Hip Hop",369
370,"Electronic, Pop",370
371,Rock,371
372,Electronic,372
373,Electronic,373
374,"Hip Hop, Classical",374
375,Pop,375
376,Pop,376
377,Non-Music,377
378,"Folk, World, & Country",378
379,Rock,379
380,Rock,380
381,Hip Hop,381
382,"Hip Hop, Rock",382
383,"Funk / Soul, Pop",383
384,"Folk, World, & Country",384
385,Hip Hop,385
386,Electronic,386
387,Electronic,387
388,"Hip Hop, Funk / Soul, Pop",388
389,"Rock, Pop",389
390,Rock,390
391,Hip Hop,391
392,Rock,392
393,Rock,393
394,"Rock, Pop",394
395,"Electronic, Rock, Funk / Soul, Pop",395
396,"Electronic, Pop",396
397,Rock,397
398,"Jazz, Pop",398
399,"Electronic, Pop, Folk, World, & Country",399
400,Rock,400
401,"Electronic, Pop",401
402,Hip Hop,402
403,Rock,403
404,Rock,404
405,Rock,405
406,Electronic,406
407,Hip Hop,407
408,Rock,408
409,Hip Hop,409
410,Hip Hop,410
411,"Hip Hop, Rock, Funk / Soul",411
412,"Electronic, Reggae, Pop",412
413,"Electronic, Reggae, Pop",413
414,"Electronic, Reggae, Pop",414
415,"Electronic, Reggae, Pop",415
416,"Electronic, Reggae, Pop",416
417,"Electronic, Reggae, Pop",417
418,"Electronic, Reggae, Pop",418
419,Funk / Soul,419
420,Electronic,420
421,Pop,421
422,"Jazz, Classical, Folk, World, & Country",422
423,"Electronic, Rock, Funk / Soul, Pop, Stage & Screen",423
424,"Electronic, Rock, Funk / Soul, Pop, Stage & Screen",424
425,"Electronic, Rock, Funk / Soul, Pop, Stage & Screen",425
426,"Electronic, Rock, Funk / Soul, Pop, Stage & Screen",426
427,Rock,427
428,"Folk, World, & Country",428
429,"Folk, World, & Country",429
430,Rock,430
431,Rock,431
432,Rock,432
433,Rock,433
434,Hip Hop,434
435,Rock,435
436,"Electronic, Pop",436
437,Rock,437
438,"Rock, Pop, Folk, World, & Country",438
439,"Rock, Pop, Folk, World, & Country",439
440,"Hip Hop, Funk / Soul",440
441,Rock,441
442,"Rock, Pop",442
443,"Electronic, Hip Hop, Rock, Pop",443
444,Funk / Soul,444
445,Rock,445
446,Electronic,446
447,Rock,447
448,Hip Hop,448
449,"Folk, World, & Country",449
450,"Electronic, Hip Hop",450
451,"Electronic, Pop",451
452,Hip Hop,452
453,Electronic,453
454,Electronic,454
455,"Funk / Soul, Pop",455
456,Rock,456
457,"Rock, Pop",457
458,"Folk, World, & Country",458
459,"Folk, World, & Country",459
460,"Folk, World, & Country",460
461,Pop,461
462,"Jazz, Funk / Soul",462
463,Rock,463
464,Electronic,464
465,Electronic,465
466,Electronic,466
467,Electronic,467
468,"Rock, Pop",468
469,Rock,469
470,"Folk, World, & Country",470
471,"Folk, World, & Country",471
472,Rock,472
473,Rock,473
474,"Rock, Blues, Folk, World, & Country",474
475,Rock,475
476,Hip Hop,476
477,Rock,477
478,"Folk, World, & Country",478
479,Rock,479
480,"Electronic, Hip Hop, Rock, Funk / Soul, Pop",480
481,"Electronic, Hip Hop, Rock, Funk / Soul, Pop",481
482,"Rock, Pop",482
483,"Rock, Pop",483
484,"Electronic, Hip Hop, Funk / Soul",484
485,Hip Hop,485
486,"Folk, World, & Country",486
487,"Pop, Stage & Screen",487
488,"Jazz, Rock",488
489,"Jazz, Rock",489
490,"Electronic, Hip Hop, Pop",490
491,Funk / Soul,491
492,Pop,492
493,"Rock, Pop",493
494,"Folk, World, & Country",494
495,Hip Hop,495
496,Rock,496
497,Electronic,497
498,"Hip Hop, Reggae, Latin",498
499,"Folk, World, & Country",499
500,"Folk, World, & Country",500
501,"Folk, World, & Country",501
502,Rock,502
503,Funk / Soul,503
504,"Pop, Folk, World, & Country",504
505,"Electronic, Rock, Pop",505
506,"Electronic, Rock, Pop",506
507,Rock,507
508,Rock,508
509,Rock,509
510,Hip Hop,510
511,"Electronic, Pop",511
512,Electronic,512
513,Hip Hop,513
514,"Funk / Soul, Pop",514
515,Rock,515
516,"Electronic, Hip Hop, Pop",516
517,"Electronic, Hip Hop, Pop",517
518,"Electronic, Hip Hop, Pop",518
519,"Folk, World, & Country",519
520,Rock,520
521,Rock,521
522,Electronic,522
523,Electronic,523
524,"Hip Hop, Pop",524
525,"Folk, World, & Country",525
526,"Folk, World, & Country",526
527,Rock,527
528,Rock,528
529,"Folk, World, & Country",529
530,"Electronic, Rock",530
531,"Rock, Folk, World, & Country",531
532,"Rock, Pop",532
533,"Rock, Pop",533
534,Funk / Soul,534
535,Hip Hop,535
536,Rock,536
537,Rock,537
538,Rock,538
539,Pop,539
540,"Electronic, Pop",540
541,Rock,541
542,Electronic,542
543,Electronic,543
544,Pop,544
545,"Folk, World, & Country",545
546,"Jazz, Funk / Soul",546
547,"Pop, Folk, World, & Country",547
548,"Rock, Funk / Soul, Pop, Folk, World, & Country",548
549,Electronic,549
550,Rock,550
551,Rock,551
552,Hip Hop,552
553,Rock,553
554,Electronic,554
555,"Folk, World, & Country",555
556,"Rock, Blues, Folk, World, & Country",556
557,"Electronic, Pop",557
558,"Electronic, Pop",558
559,"Hip Hop, Funk / Soul, Pop",559
560,"Hip Hop, Funk / Soul, Pop",560
561,"Hip Hop, Funk / Soul, Pop",561
562,"Rock, Pop",562
563,Rock,563
564,Rock,564
565,Rock,565
566,"Electronic, Rock, Funk / Soul, Pop",566
567,Pop,567
568,Pop,568
569,Rock,569
570,Pop,570
571,Rock,571
572,Rock,572
573,"Electronic, Rock",573
574,Rock,574
575,Electronic,575
576,Electronic,576
577,Electronic,577
578,Rock,578
579,Rock,579
580,"Rock, Pop",580
581,Rock,581
582,Electronic,582
583,Hip Hop,583
584,Electronic,584
585,Hip Hop,585
586,"Folk, World, & Country",586
587,"Folk, World, & Country",587
588,"Folk, World, & Country",588
589,"Electronic, Reggae, Pop",589
590,"Electronic, Reggae, Pop",590
591,"Electronic, Reggae, Pop",591
592,Hip Hop,592
593,"Electronic, Funk / Soul, Pop",593
594,"Rock, Latin, Funk / Soul",594
595,Funk / Soul,595
596,Rock,596
597,Funk / Soul,597
598,"Electronic, Rock",598
599,Rock,599
600,"Electronic, Rock, Funk / Soul, Pop, Stage & Screen",600
601,Rock,601
602,Rock,602
603,"Rock, Reggae",603
604,"Folk, World, & Country",604
605,Electronic,605
606,Rock,606
607,Rock,607
608,"Rock, Blues",608
609,"Electronic, Hip Hop, Pop",609
610,"Electronic, Pop",610
611,"Rock, Pop",611
612,Rock,612
613,"Rock, Pop",613
614,"Rock, Pop",614
615,Hip Hop,615
616,"Electronic, Pop",616
617,"Folk, World, & Country",617
618,Blues,618
619,"Rock, Pop",619
620,"Electronic, Pop",620
621,Rock,621
622,Rock,622
623,Rock,623
624,Electronic,624
625,"Folk, World, & Country",625
626,"Folk, World, & Country",626
627,"Electronic, Funk / Soul",627
628,"Folk, World, & Country",628
629,"Rock, Pop",629
630,"Folk, World, & Country",630
631,"Folk, World, & Country",631
632,Rock,632
633,Hip Hop,633
634,Hip Hop,634
635,Rock,635
636,Rock,636
637,Electronic,637
638,Electronic,638
639,"Funk / Soul, Pop",639
640,Rock,640
641,Rock,641
642,"Folk, World, & Country",642
643,"Folk, World, & Country",643
644,"Folk, World, & Country",644
645,"Folk, World, & Country",645
646,"Folk, World, & Country",646
647,"Folk, World, & Country",647
648,Rock,648
649,"Hip Hop, Funk / Soul",649
650,"Hip Hop, Pop",650
651,Rock,651
652,Electronic,652
653,Stage & Screen,653
654,Stage & Screen,654
655,"Rock, Pop, Folk, World, & Country",655
656,"Hip Hop, Pop, Childrens",656
657,Hip Hop,657
658,Rock,658
659,Rock,659
660,Electronic,660
661,"Rock, Pop, Stage & Screen",661
662,Rock,662
663,"Hip Hop, Funk / Soul",663
664,Hip Hop,664
665,"Hip Hop, Reggae, Funk / Soul, Pop",665
666,"Hip Hop, Reggae, Funk / Soul, Pop",666
667,Hip Hop,667
668,Hip Hop,668
669,"Rock, Pop",669
670,"Rock, Pop",670
671,"Rock, Pop",671
672,"Pop, Stage & Screen",672
673,Rock,673
674,"Hip Hop, Funk / Soul",674
675,Rock,675
676,"Jazz, Rock, Funk / Soul",676
677,Rock,677
678,Rock,678
679,Rock,679
680,Hip Hop,680
681,Hip Hop,681
682,Rock,682
683,Hip Hop,683
684,"Folk, World, & Country",684
685,"Electronic, Hip Hop, Pop",685
686,"Folk, World, & Country",686
687,Rock,687
688,"Electronic, Hip Hop, Rock, Funk / Soul, Pop",688
689,"Rock, Pop",689
690,Funk / Soul,690
691,Funk / Soul,691
692,Electronic,692
693,Rock,693
694,"Folk, World, & Country",694
695,Rock,695
696,Hip Hop,696
697,Rock,697
698,"Folk, World, & Country",698
699,"Rock, Pop",699
700,Funk / Soul,700
701,Rock,701
702,"Hip Hop, Pop",702
703,Electronic,703
704,Rock,704
705,"Rock, Folk, World, & Country",705
706,"Rock, Folk, World, & Country",706
707,Rock,707
708,"Electronic, Pop",708
709,"Electronic, Funk / Soul",709
710,Rock,710
711,Rock,711
712,Rock,712
713,"Electronic, Pop",713
714,Funk / Soul,714
715,Electronic,715
716,Hip Hop,716
717,Electronic,717
718,Electronic,718
719,Pop,719
720,"Folk, World, & Country",720
721,"Folk, World, & Country",721
722,"Folk, World, & Country",722
723,"Folk, World, & Country",723
724,"Folk, World, & Country",724
725,"Folk, World, & Country",725
726,"Folk, World, & Country",726
727,Rock,727
728,"Pop, Folk, World, & Country",728
729,"Pop, Folk, World, & Country",729
730,"Pop, Folk, World, & Country",730
731,Rock,731
732,"Funk / Soul, Pop",732
733,"Electronic, Rock, Pop",733
734,Rock,734
735,Rock,735
736,Rock,736
737,Hip Hop,737
738,Hip Hop,738
739,Hip Hop,739
740,Hip Hop,740
741,Hip Hop,741
742,Hip Hop,742
743,Hip Hop,743
744,Hip Hop,744
745,Hip Hop,745
746,Jazz,746
747,Pop,747
748,"Electronic, Pop",748
749,"Electronic, Pop",749
750,"Folk, World, & Country",750
751,Pop,751
752,Pop,752
753,Reggae,753
754,Electronic,754
755,Electronic,755
756,Rock,756
757,"Electronic, Hip Hop, Pop",757
758,"Rock, Blues, Pop",758
759,"Folk, World, & Country",759
760,Hip Hop,760
761,Rock,761
762,Rock,762
763,"Folk, World, & Country",763
764,Rock,764
765,"Latin, Pop",765
766,"Hip Hop, Funk / Soul",766
767,Electronic,767
768,Rock,768
769,Rock,769
770,Rock,770
771,Rock,771
772,Hip Hop,772
773,Electronic,773
774,Funk / Soul,774
775,"Electronic, Pop",775
776,"Electronic, Hip Hop, Pop",776
777,Rock,777
778,Rock,778
779,"Folk, World, & Country",779
780,"Folk, World, & Country",780
781,"Hip Hop, Pop",781
782,"Hip Hop, Pop",782
783,"Rock, Pop",783
784,Hip Hop,784
785,"Electronic, Hip Hop, Latin",785
786,Hip Hop,786
787,Electronic,787
788,Rock,788
789,"Rock, Folk, World, & Country",789
790,"Rock, Blues",790
791,"Rock, Blues",791
792,"Folk, World, & Country",792
793,"Folk, World, & Country",793
794,"Electronic, Pop",794
795,Hip Hop,795
796,Pop,796
797,Electronic,797
798,Electronic,798
799,Pop,799
800,Pop,800
801,Electronic,801
802,"Folk, World, & Country",802
803,Rock,803
804,Rock,804
805,Rock,805
806,"Hip Hop, Classical",806
807,"Hip Hop, Classical",807
808,Pop,808
809,Pop,809
810,Hip Hop,810
811,"Folk, World, & Country",811
812,Non-Music,812
813,Hip Hop,813
814,Hip Hop,814
815,Hip Hop,815
816,"Folk, World, & Country",816
817,"Folk, World, & Country",817
818,"Jazz, Funk / Soul",818
819,"Jazz, Funk / Soul",819
820,"Jazz, Funk / Soul",820
821,"Pop, Folk, World, & Country",821
822,"Pop, Folk, World, & Country",822
823,"Rock, Funk / Soul, Pop, Folk, World, & Country",823
824,"Rock, Funk / Soul, Pop, Folk, World, & Country",824
825,"Rock, Funk / Soul, Pop, Folk, World, & Country",825
826,"Hip Hop, Rock",826
827,Electronic,827
828,Hip Hop,828
829,Hip Hop,829
830,Electronic,830
831,"Rock, Folk, World, & Country",831
832,"Electronic, Hip Hop, Pop",832
833,"Electronic, Hip Hop, Pop",833
834,"Pop, Folk, World, & Country",834
835,"Folk, World, & Country",835
836,Rock,836
837,Hip Hop,837
838,Hip Hop,838
839,Rock,839
840,Rock,840
841,Rock,841
842,Funk / Soul,842
843,Funk / Soul,843
844,Pop,844
845,Rock,845
846,Rock,846
847,"Folk, World, & Country",847
848,"Folk, World, & Country",848
849,"Folk, World, & Country",849
850,"Folk, World, & Country",850
851,"Folk, World, & Country",851
852,"Folk, World, & Country",852
853,"Electronic, Pop",853
854,"Electronic, Pop",854
855,"Electronic, Reggae",855
856,"Electronic, Reggae",856
857,Hip Hop,857
858,Electronic,858
859,"Hip Hop, Funk / Soul, Pop",859
860,"Rock, Pop",860
861,"Rock, Pop",861
862,"Rock, Pop",862
863,"Folk, World, & Country",863
864,"Folk, World, & Country",864
865,Rock,865
866,Hip Hop,866
867,"Rock, Non-Music",867
868,Pop,868
869,Pop,869
870,"Rock, Pop",870
871,"Electronic, Rock, Funk / Soul, Pop",871
872,"Electronic, Rock, Funk / Soul, Pop",872
873,"Electronic, Rock, Funk / Soul, Pop",873
874,Hip Hop,874
875,Pop,875
876,"Electronic, Jazz",876
877,Pop,877
878,Rock,878
879,Rock,879
880,Rock,880
881,Pop,881
882,Rock,882
883,Electronic,883
884,"Electronic, Rock",884
885,Blues,885
886,Rock,886
887,Electronic,887
888,"Hip Hop, Funk / Soul",888
889,Rock,889
890,Rock,890
891,"Electronic, Rock, Pop",891
892,Rock,892
893,Rock,893
894,Electronic,894
895,Rock,895
896,Rock,896
897,Rock,897
898,Blues,898
899,Funk / Soul,899
900,Rock,900
901,Rock,901
902,Rock,902
903,Rock,903
904,Hip Hop,904
905,Rock,905
906,Rock,906
907,Rock,907
908,Rock,908
909,Hip Hop,909
910,"Folk, World, & Country",910
911,"Folk, World, & Country",911
912,"Rock, Pop",912
913,"Electronic, Reggae, Pop",913
914,"Electronic, Reggae, Pop",914
915,"Electronic, Reggae, Pop",915
916,Rock,916
917,"Jazz, Funk / Soul",917
918,"Jazz, Funk / Soul",918
919,"Jazz, Funk / Soul",919
920,"Jazz, Funk / Soul",920
921,Funk / Soul,921
922,"Electronic, Funk / Soul, Pop",922
923,"Electronic, Funk / Soul, Pop",923
924,"Rock, Pop",924
925,"Electronic, Funk / Soul, Pop",925
926,"Electronic, Pop",926
927,"Electronic, Pop",927
928,"Rock, Folk, World, & Country",928
929,"Reggae, Pop",929
930,"Electronic, Hip Hop, Pop",930
931,Rock,931
932,Hip Hop,932
933,"Hip Hop, Reggae",933
934,"Electronic, Rock, Funk / Soul, Pop, Stage & Screen",934
935,"Electronic, Rock, Funk / Soul, Pop, Stage & Screen",935
936,"Electronic, Rock, Funk / Soul, Pop, Stage & Screen",936
937,"Electronic, Rock, Funk / Soul, Pop, Stage & Screen",937
938,"Electronic, Rock, Funk / Soul, Pop, Stage & Screen",938
939,"Electronic, Rock, Funk / Soul, Pop, Stage & Screen",939
940,"Electronic, Rock, Funk / Soul, Pop, Stage & Screen",940
941,"Electronic, Rock, Funk / Soul, Pop, Stage & Screen",941
942,"Electronic, Rock, Funk / Soul, Pop, Stage & Screen",942
943,"Electronic, Rock, Funk / Soul, Pop, Stage & Screen",943
944,"Electronic, Hip Hop, Pop",944
945,"Rock, Pop",945
946,"Rock, Pop",946
947,Rock,947
948,Pop,948
949,Electronic,949
950,"Folk, World, & Country",950
951,"Folk, World, & Country",951
952,"Rock, Pop",952
953,Rock,953
954,Rock,954
955,Rock,955
956,Rock,956
957,Rock,957
958,"Rock, Pop",958
959,Rock,959
960,Rock,960
961,Hip Hop,961
962,Rock,962
963,Rock,963
964,Rock,964
965,Rock,965
966,Rock,966
967,"Electronic, Pop",967
968,"Rock, Pop, Folk, World, & Country",968
969,"Rock, Pop, Folk, World, & Country",969
970,Hip Hop,970
971,"Hip Hop, Funk / Soul",971
972,"Folk, World, & Country",972
973,"Folk, World, & Country",973
974,Rock,974
975,Hip Hop,975
976,Funk / Soul,976
977,"Pop, Folk, World, & Country",977
978,"Electronic, Hip Hop, Rock, Pop",978
979,Hip Hop,979
980,Hip Hop,980
981,Rock,981
982,Rock,982
983,"Rock, Latin, Funk / Soul, Blues, Pop",983
984,Funk / Soul,984
985,Rock,985
986,Rock,986
987,"Rock, Blues, Pop",987
988,Rock,988
989,Electronic,989
990,Electronic,990
991,Electronic,991
992,Electronic,992
993,Electronic,993
994,Electronic,994
995,"Folk, World, & Country",995
996,Jazz,996
997,"Electronic, Funk / Soul",997
998,"Electronic, Funk / Soul",998
999,"Electronic, Funk / Soul",999
1000,"Folk, World, & Country",1000
1001,"Folk, World, & Country",1001
1002,"Folk, World, & Country",1002
1003,Hip Hop,1003
1004,"Hip Hop, Rock",1004
1005,Electronic,1005
1006,Electronic,1006
1007,Pop,1007
1008,Rock,1008
1009,Hip Hop,1009
1010,Hip Hop,1010
1011,Rock,1011
1012,"Electronic, Hip Hop",1012
1013,Hip Hop,1013
1014,Pop,1014
1015,"Electronic, Pop",1015
1016,Electronic,1016
1017,Electronic,1017
1018,"Funk / Soul, Pop",1018
1019,Rock,1019
1020,"Latin, Funk / Soul, Folk, World, & Country",1020
1021,"Latin, Funk / Soul, Folk, World, & Country",1021
1022,"Latin, Funk / Soul, Folk, World, & Country",1022
1023,"Latin, Funk / Soul, Folk, World, & Country",1023
1024,"Folk, World, & Country",1024
1025,"Rock, Pop",1025
1026,"Hip Hop, Pop",1026
1027,"Hip Hop, Funk / Soul",1027
1028,"Hip Hop, Funk / Soul",1028
1029,Rock,1029
1030,Pop,1030
1031,"Pop, Classical",1031
1032,"Rock, Pop",1032
1033,"Jazz, Funk / Soul",1033
1034,Hip Hop,1034
1035,Electronic,1035
1036,"Hip Hop, Pop, Childrens",1036
1037,"Hip Hop, Pop, Childrens",1037
1038,"Hip Hop, Pop, Childrens",1038
1039,"Hip Hop, Pop, Childrens",1039
1040,"Hip Hop, Pop, Childrens",1040
1041,Hip Hop,1041
1042,"Electronic, Rock",1042
1043,Rock,1043
1044,"Pop, Childrens, Stage & Screen",1044
1045,"Rock, Pop",1045
1046,Hip Hop,1046
1047,Electronic,1047
1048,Electronic,1048
1049,Rock,1049
1050,"Electronic, Hip Hop, Reggae",1050
1051,Rock,1051
1052,Electronic,1052
1053,Electronic,1053
1054,Jazz,1054
1055,Pop,1055
1056,Pop,1056
1057,Pop,1057
1058,Hip Hop,1058
1059,Hip Hop,1059
1060,Pop,1060
1061,"Hip Hop, Reggae, Funk / Soul, Pop",1061
1062,"Hip Hop, Reggae, Funk / Soul, Pop",1062
1063,"Hip Hop, Reggae, Funk / Soul, Pop",1063
1064,"Folk, World, & Country",1064
1065,Hip Hop,1065
1066,Hip Hop,1066
1067,"Rock, Pop",1067
1068,"Rock, Pop",1068
1069,Rock,1069
1070,"Folk, World, & Country",1070
1071,"Folk, World, & Country",1071
1072,"Folk, World, & Country",1072
1073,Hip Hop,1073
1074,Rock,1074
1075,"Folk, World, & Country",1075
1076,Funk / Soul,1076
1077,"Folk, World, & Country",1077
1078,Rock,1078
1079,Rock,1079
1080,Rock,1080
1081,"Electronic, Hip Hop, Rock, Funk / Soul, Pop",1081
1082,"Electronic, Hip Hop, Rock, Funk / Soul, Pop",1082
1083,"Electronic, Hip Hop, Rock, Funk / Soul, Pop",1083
1084,"Electronic, Hip Hop, Rock, Funk / Soul, Pop",1084
1085,"Electronic, Hip Hop, Rock, Funk / Soul, Pop",1085
1086,"Hip Hop, Funk / Soul, Pop",1086
1087,"Rock, Pop",1087
1088,"Rock, Blues",1088
1089,"Rock, Blues",1089
1090,Electronic,1090
1091,"Rock, Pop, Folk, World, & Country",1091
1092,"Folk, World, & Country",1092
1093,"Folk, World, & Country",1093
1094,"Folk, World, & Country",1094
1095,Rock,1095
1096,Rock,1096
1097,"Pop, Stage & Screen",1097
1098,Rock,1098
1099,"Electronic, Funk / Soul, Pop",1099
1100,"Electronic, Funk / Soul, Pop",1100
1101,"Electronic, Funk / Soul, Pop",1101
1102,Rock,1102
1103,"Rock, Pop",1103
1104,Funk / Soul,1104
1105,Funk / Soul,1105
1106,Rock,1106
1107,Rock,1107
1108,"Hip Hop, Funk / Soul, Pop",1108
1109,Rock,1109
1110,Rock,1110
1111,Electronic,1111
1112,Electronic,1112
1113,"Folk, World, & Country",1113
1114,"Folk, World, & Country",1114
1115,Electronic,1115
1116,Electronic,1116
1117,Rock,1117
1118,"Hip Hop, Pop",1118
1119,Electronic,1119
1120,Rock,1120
1121,"Electronic, Funk / Soul, Pop",1121
1122,Hip Hop,1122
1123,Electronic,1123
1124,Rock,1124
1125,Rock,1125
1126,"Folk, World, & Country",1126
1127,"Jazz, Rock, Funk / Soul",1127
1128,Rock,1128
1129,"Electronic, Pop",1129
1130,"Electronic, Pop",1130
1131,"Electronic, Pop",1131
1132,Rock,1132
1133,"Electronic, Pop",1133
1134,Electronic,1134
1135,Funk / Soul,1135
1136,"Folk, World, & Country",1136
1137,Rock,1137
1138,Rock,1138
1139,Hip Hop,1139
1140,Hip Hop,1140
1141,Electronic,1141
1142,Rock,1142
1143,Rock,1143
1144,Hip Hop,1144
1145,"Folk, World, & Country",1145
1146,"Folk, World, & Country",1146
1147,"Folk, World, & Country",1147
1148,"Folk, World, & Country",1148
1149,"Folk, World, & Country",1149
1150,"Folk, World, & Country",1150
1151,"Folk, World, & Country",1151
1152,"Folk, World, & Country",1152
1153,"Electronic, Pop",1153
1154,"Folk, World, & Country",1154
1155,Rock,1155
1156,Funk / Soul,1156
1157,Funk / Soul,1157
1158,Funk / Soul,1158
1159,"Rock, Pop",1159
1160,"Pop, Folk, World, & Country",1160
1161,"Pop, Folk, World, & Country",1161
1162,"Folk, World, & Country",1162
1163,Rock,1163
1164,Rock,1164
1165,Rock,1165
1166,Rock,1166
1167,Rock,1167
1168,Rock,1168
1169,Rock,1169
1170,Rock,1170
1171,Rock,1171
1172,Rock,1172
1173,Rock,1173
1174,Rock,1174
1175,Rock,1175
1176,Rock,1176
1177,Rock,1177
1178,Rock,1178
1179,Hip Hop,1179
1180,Hip Hop,1180
1181,Hip Hop,1181
1182,Hip Hop,1182
1183,Hip Hop,1183
1184,"Hip Hop, Funk / Soul",1184
1185,"Latin, Pop",1185
1186,"Latin, Pop",1186
1187,"Electronic, Pop",1187
1188,"Rock, Folk, World, & Country",1188
1189,"Rock, Folk, World, & Country",1189
1190,Rock,1190
1191,Rock,1191
1192,Rock,1192
1193,Hip Hop,1193
1194,Rock,1194
1195,"Electronic, Pop",1195
1196,"Folk, World, & Country",1196
1197,Pop,1197
1198,Electronic,1198
1199,"Funk / Soul, Pop",1199
1200,"Rock, Pop",1200
1201,Rock,1201
1202,"Electronic, Hip Hop, Pop",1202
1203,"Electronic, Hip Hop, Pop",1203
1204,"Folk, World, & Country",1204
1205,Rock,1205
1206,"Jazz, Pop",1206
1207,Rock,1207
1208,Electronic,1208
1209,Hip Hop,1209
1210,Hip Hop,1210
1211,"Folk, World, & Country",1211
1212,"Folk, World, & Country",1212
1213,"Folk, World, & Country",1213
1214,"Jazz, Funk / Soul",1214
1215,"Folk, World, & Country",1215
1216,"Folk, World, & Country",1216
1217,"Folk, World, & Country",1217
1218,Jazz,1218
1219,"Latin, Pop",1219
1220,Non-Music,1220
1221,Non-Music,1221
1222,Rock,1222
1223,Hip Hop,1223
1224,Non-Music,1224
1225,"Electronic, Pop",1225
1226,Rock,1226
1227,Rock,1227
1228,Jazz,1228
1229,"Electronic, Rock",1229
1230,"Electronic, Rock",1230
1231,"Rock, Pop",1231
1232,Funk / Soul,1232
1233,Funk / Soul,1233
1234,Rock,1234
1235,Rock,1235
1236,"Hip Hop, Pop",1236
1237,"Electronic, Reggae",1237
1238,"Electronic, Reggae",1238
1239,Rock,1239
1240,"Electronic, Pop",1240
1241,Rock,1241
1242,Rock,1242
1243,Rock,1243
1244,Funk / Soul,1244
1245,"Folk, World, & Country",1245
1246,"Folk, World, & Country",1246
1247,"Hip Hop, Pop",1247
1248,"Hip Hop, Pop",1248
1249,"Rock, Pop",1249
1250,Hip Hop,1250
1251,Hip Hop,1251
1252,Hip Hop,1252
1253,Hip Hop,1253
1254,"Hip Hop, Rock",1254
1255,"Non-Music, Folk, World, & Country",1255
1256,"Non-Music, Folk, World, & Country",1256
1257,"Electronic, Hip Hop, Latin",1257
1258,"Electronic, Hip Hop, Latin",1258
1259,Hip Hop,1259
1260,Hip Hop,1260
1261,Pop,1261
1262,Rock,1262
1263,Rock,1263
1264,"Rock, Pop",1264
1265,Hip Hop,1265
1266,Rock,1266
1267,"Rock, Stage & Screen",1267
1268,Rock,1268
1269,Rock,1269
1270,Rock,1270
1271,Rock,1271
1272,"Rock, Blues",1272
1273,"Rock, Blues",1273
1274,Rock,1274
1275,Rock,1275
1276,Rock,1276
1277,"Folk, World, & Country",1277
1278,"Rock, Folk, World, & Country",1278
1279,"Rock, Folk, World, & Country",1279
1280,"Rock, Folk, World, & Country",1280
1281,Pop,1281
1282,"Hip Hop, Pop",1282
1283,"Electronic, Rock",1283
1284,Rock,1284
1285,Rock,1285
1286,Rock,1286
1287,Pop,1287
1288,Electronic,1288
1289,Electronic,1289
1290,Electronic,1290
1291,Pop,1291
1292,Pop,1292
1293,Funk / Soul,1293
1294,"Hip Hop, Classical",1294
1295,"Hip Hop, Classical",1295
1296,"Hip Hop, Classical",1296
1297,"Hip Hop, Classical",1297
1298,Pop,1298
1299,Hip Hop,1299
1300,"Folk, World, & Country",1300
1301,Hip Hop,1301
1302,Hip Hop,1302
1303,Hip Hop,1303
1304,"Folk, World, & Country",1304
1305,"Jazz, Funk / Soul",1305
1306,"Jazz, Funk / Soul",1306
1307,"Pop, Folk, World, & Country",1307
1308,"Rock, Funk / Soul, Pop, Folk, World, & Country",1308
1309,"Rock, Funk / Soul, Pop, Folk, World, & Country",1309
1310,Hip Hop,1310
1311,Rock,1311
1312,"Electronic, Pop",1312
1313,Funk / Soul,1313
1314,Rock,1314
1315,"Electronic, Hip Hop, Pop",1315
1316,"Electronic, Hip Hop, Pop",1316
1317,"Electronic, Hip Hop, Pop",1317
1318,"Electronic, Hip Hop, Pop",1318
1319,"Electronic, Hip Hop, Pop",1319
1320,"Electronic, Hip Hop, Pop",1320
1321,"Folk, World, & Country",1321
1322,Rock,1322
1323,"Folk, World, & Country",1323
1324,"Rock, Pop",1324
1325,Pop,1325
1326,Hip Hop,1326
1327,Hip Hop,1327
1328,Hip Hop,1328
1329,Rock,1201
1330,"Electronic, Hip Hop, Pop",1202
1331,"Electronic, Hip Hop, Pop",1203
1332,"Folk, World, & Country",1204
1333,Rock,1205
1334,"Jazz, Pop",1206
1335,Rock,1207
1336,Electronic,1208
1337,Hip Hop,1209
1338,Hip Hop,1210
1339,"Folk, World, & Country",1211
1340,"Folk, World, & Country",1212
1341,"Folk, World, & Country",1213
1342,"Jazz, Funk / Soul",1214
1343,"Folk, World, & Country",1215
1344,"Folk, World, & Country",1216
1345,"Folk, World, & Country",1217
1346,Jazz,1218
1347,"Latin, Pop",1219
1348,Non-Music,1220
1349,Non-Music,1221
1350,Rock,1222
1351,Hip Hop,1223
1352,Non-Music,1224
1353,"Electronic, Pop",1225
1354,Rock,1226
1355,Rock,1227
1356,Jazz,1228
1357,"Electronic, Rock",1229
1358,"Electronic, Rock",1230
1359,"Rock, Pop",1231
1360,Funk / Soul,1232
1361,Funk / Soul,1233
1362,Rock,1234
1363,Rock,1235
1364,"Hip Hop, Pop",1236
1365,"Electronic, Reggae",1237
1366,"Electronic, Reggae",1238
1367,Rock,1239
1368,"Electronic, Pop",1240
1369,Rock,1241
1370,Rock,1242
1371,Rock,1243
1372,Funk / Soul,1244
1373,"Folk, World, & Country",1245
1374,"Folk, World, & Country",1246
1375,"Hip Hop, Pop",1247
1376,"Hip Hop, Pop",1248
1377,"Rock, Pop",1249
1378,Hip Hop,1250
1379,Hip Hop,1251
1380,Hip Hop,1252
1381,Hip Hop,1253
1382,"Hip Hop, Rock",1254
1383,"Non-Music, Folk, World, & Country",1255
1384,"Non-Music, Folk, World, & Country",1256
1385,"Electronic, Hip Hop, Latin",1257
1386,"Electronic, Hip Hop, Latin",1258
1387,Hip Hop,1259
1388,Hip Hop,1260
1389,Pop,1261
1390,Rock,1262
1391,Rock,1263
1392,"Rock, Pop",1264
1393,Hip Hop,1265
1394,Rock,1266
1395,"Rock, Stage & Screen",1267
1396,Rock,1268
1397,Rock,1269
1398,Rock,1270
1399,Rock,1271
1400,"Rock, Blues",1272
1401,"Rock, Blues",1273
1402,Rock,1274
1403,Rock,1275
1404,Rock,1276
1405,"Folk, World, & Country",1277
1406,"Rock, Folk, World, & Country",1278
1407,"Rock, Folk, World, & Country",1279
1408,"Rock, Folk, World, & Country",1280
1409,Pop,1281
1410,"Hip Hop, Pop",1282
1411,"Electronic, Rock",1283
1412,Rock,1284
1413,Rock,1285
1414,Rock,1286
1415,Pop,1287
1416,Electronic,1288
1417,Electronic,1289
1418,Electronic,1290
1419,Pop,1291
1420,Pop,1292
1421,Funk / Soul,1293
1422,"Hip Hop, Classical",1294
1423,"Hip Hop, Classical",1295
1424,"Hip Hop, Classical",1296
1425,"Hip Hop, Classical",1297
1426,Pop,1298
1427,Hip Hop,1299
1428,"Folk, World, & Country",1300
1429,Hip Hop,1301
1430,Hip Hop,1302
1431,Hip Hop,1303
1432,"Folk, World, & Country",1304
1433,"Jazz, Funk / Soul",1305
1434,"Jazz, Funk / Soul",1306
1435,"Pop, Folk, World, & Country",1307
1436,"Rock, Funk / Soul, Pop, Folk, World, & Country",1308
1437,"Rock, Funk / Soul, Pop, Folk, World, & Country",1309
1438,Hip Hop,1310
1439,Rock,1311
1440,"Electronic, Pop",1312
1441,Funk / Soul,1313
1442,Rock,1314
1443,"Electronic, Hip Hop, Pop",1315
1444,"Electronic, Hip Hop, Pop",1316
1445,"Electronic, Hip Hop, Pop",1317
1446,"Electronic, Hip Hop, Pop",1318
1447,"Electronic, Hip Hop, Pop",1319
1448,"Electronic, Hip Hop, Pop",1320
1449,"Folk, World, & Country",1321
1450,Rock,1322
1451,"Folk, World, & Country",1323
1452,"Rock, Pop",1324
1453,Pop,1325
1454,Hip Hop,1326
1455,Hip Hop,1327
1456,Hip Hop,1328
1457,Hip Hop,1329
1458,"Pop, Folk, World, & Country",1330
1459,"Pop, Folk, World, & Country",1331
1460,"Pop, Folk, World, & Country",1332
1461,Rock,1333
1462,"Folk, World, & Country",1334
1463,"Folk, World, & Country",1335
1464,Pop,1336
1465,"Electronic, Latin, Funk / Soul, Pop",1337
1466,Hip Hop,1338
1467,Hip Hop,1339
1468,"Folk, World, & Country",1340
1469,"Folk, World, & Country",1341
1470,Hip Hop,1342
1471,Funk / Soul,1343
1472,"Rock, Blues, Folk, World, & Country",1344
1473,"Rock, Blues, Folk, World, & Country",1345
1474,Rock,1346
1475,Hip Hop,1347
1476,"Electronic, Hip Hop, Funk / Soul",1348
1477,"Electronic, Pop",1349
1478,"Electronic, Pop",1350
1479,"Electronic, Pop",1351
1480,Reggae,1352
1481,Electronic,1353
1482,Latin,1354
1483,"Hip Hop, Funk / Soul, Pop",1355
1484,"Hip Hop, Funk / Soul, Pop",1356
1485,"Rock, Pop",1357
1486,"Rock, Pop",1358
1487,"Folk, World, & Country",1359
1488,Funk / Soul,1360
1489,"Funk / Soul, Blues",1361
1490,"Funk / Soul, Blues",1362
1491,"Funk / Soul, Blues",1363
1492,"Funk / Soul, Blues",1364
1493,Hip Hop,1365
1494,Pop,1366
1495,Pop,1367
1496,Pop,1368
1497,Hip Hop,1369
1498,"Rock, Pop",1370
1499,"Rock, Pop",1371
1500,Rock,1372
1501,Rock,1373
1502,"Rock, Pop",1374
1503,"Rock, Pop",1375
1504,Jazz,1376
1505,"Electronic, Rock, Funk / Soul, Pop",1377
1506,"Electronic, Rock, Funk / Soul, Pop",1378
1507,Hip Hop,1379
1508,Pop,1380
1509,"Rock, Pop, Stage & Screen",1381
1510,"Folk, World, & Country",1382
1511,"Folk, World, & Country",1383
1512,"Jazz, Funk / Soul",1384
1513,"Jazz, Funk / Soul",1385
1514,"Folk, World, & Country",1386
1515,"Folk, World, & Country",1387
1516,Rock,1388
1517,Rock,1389
1518,Rock,1390
1519,Hip Hop,1391
1520,Pop,1392
1521,Pop,1393
1522,"Electronic, Pop, Folk, World, & Country",1394
1523,"Electronic, Pop, Folk, World, & Country",1395
1524,Electronic,1396
1525,Electronic,1397
1526,Hip Hop,1398
1527,Pop,1399
1528,"Funk / Soul, Pop",1400
1529,Rock,1401
1530,Rock,1402
1531,"Electronic, Pop",1403
1532,"Electronic, Pop",1404
1533,"Electronic, Hip Hop",1405
1534,"Electronic, Rock",1406
1535,Hip Hop,1407
1536,Funk / Soul,1408
1537,Rock,1409
1538,Electronic,1410
1539,"Rock, Pop",1411
1540,Funk / Soul,1412
1541,Rock,1413
1542,Rock,1414
1543,Electronic,1415
1544,Electronic,1416
1545,"Hip Hop, Funk / Soul",1417
1546,Electronic,1418
1547,Rock,1419
1548,"Rock, Pop",1420
1549,Rock,1421
1550,"Electronic, Hip Hop, Pop",1422
1551,Rock,1423
1552,Rock,1424
1553,Rock,1425
1554,Rock,1426
1555,Rock,1427
1556,"Jazz, Funk / Soul",1428
1557,Electronic,1429
1558,Electronic,1430
1559,Rock,1431
1560,Hip Hop,1432
1561,Hip Hop,1433
1562,Hip Hop,1434
1563,Hip Hop,1435
1564,Rock,1436
1565,Rock,1437
1566,Rock,1438
1567,Rock,1439
1568,Rock,1440
1569,Hip Hop,1441
1570,"Rock, Pop",1442
1571,Hip Hop,1443
1572,Rock,1444
1573,Rock,1445
1574,"Folk, World, & Country",1446
1575,"Folk, World, & Country",1447
1576,Rock,1448
1577,"Funk / Soul, Blues",1449
1578,"Folk, World, & Country",1450
1579,"Folk, World, & Country",1451
1580,"Folk, World, & Country",1452
1581,"Folk, World, & Country",1453
1582,"Hip Hop, Rock, Funk / Soul",1454
1583,"Pop, Folk, World, & Country",1455
1584,"Rock, Pop",1456
1585,"Electronic, Reggae, Pop",1457
1586,"Electronic, Reggae, Pop",1458
1587,"Electronic, Reggae, Pop",1459
1588,"Electronic, Reggae, Pop",1460
1589,"Electronic, Reggae, Pop",1461
1590,"Electronic, Reggae, Pop",1462
1591,"Electronic, Reggae, Pop",1463
1592,Rock,1464
1593,"Rock, Blues",1465
1594,Rock,1466
1595,Rock,1467
1596,Rock,1468
1597,Rock,1469
1598,Rock,1470
1599,"Rock, Latin, Pop",1471
1600,Hip Hop,1472
1601,Rock,1473
1602,Rock,1474
1603,Rock,1475
1604,Hip Hop,1476
1605,"Jazz, Funk / Soul",1477
1606,"Jazz, Funk / Soul",1478
1607,Funk / Soul,1479
1608,Funk / Soul,1480
1609,"Rock, Pop",1481
1610,"Rock, Pop",1482
1611,"Rock, Pop",1483
1612,"Electronic, Rock, Pop",1484
1613,Rock,1485
1614,"Hip Hop, Reggae",1486
1615,"Latin, Pop",1487
1616,"Electronic, Pop",1488
1617,"Electronic, Pop",1489
1618,"Electronic, Pop",1490
1619,"Electronic, Pop",1491
1620,"Rock, Latin, Pop",1492
1621,Pop,1493
1622,Pop,1494
1623,Rock,1495
1624,Rock,1496
1625,Electronic,1497
1626,Electronic,1498
1627,Electronic,1499
1628,Rock,1500
1629,Rock,1501
1630,Electronic,1502
1631,"Rock, Pop",1503
1632,Hip Hop,1504
1633,"Electronic, Rock, Funk / Soul, Pop, Stage & Screen",1505
1634,"Electronic, Rock, Funk / Soul, Pop, Stage & Screen",1506
1635,"Electronic, Rock, Funk / Soul, Pop, Stage & Screen",1507
1636,"Electronic, Rock, Funk / Soul, Pop, Stage & Screen",1508
1637,"Electronic, Rock, Funk / Soul, Pop, Stage & Screen",1509
1638,"Electronic, Rock, Funk / Soul, Pop, Stage & Screen",1510
1639,"Electronic, Rock, Funk / Soul, Pop, Stage & Screen",1511
1640,"Electronic, Rock, Funk / Soul, Pop, Stage & Screen",1512
1641,"Electronic, Rock, Funk / Soul, Pop, Stage & Screen",1513
1642,"Electronic, Rock, Funk / Soul, Pop, Stage & Screen",1514
1643,"Electronic, Rock, Funk / Soul, Pop, Stage & Screen",1515
1644,"Electronic, Rock, Funk / Soul, Pop, Stage & Screen",1516
1645,"Electronic, Rock, Funk / Soul, Pop, Stage & Screen",1517
1646,"Electronic, Rock, Funk / Soul, Pop, Stage & Screen",1518
1647,"Folk, World, & Country",1519
1648,"Rock, Pop",1520
1649,"Rock, Pop",1521
1650,"Rock, Pop",1522
1651,"Rock, Pop",1523
1652,"Rock, Pop",1524
1653,Rock,1525
1654,Rock,1526
1655,Rock,1527
1656,Rock,1528
1657,Electronic,1529
1658,Electronic,1530
1659,Pop,1531
1660,Electronic,1532
1661,Rock,1533
1662,"Funk / Soul, Pop",1534
1663,Hip Hop,1535
1664,Hip Hop,1536
1665,Hip Hop,1537
1666,Pop,1538
1667,"Folk, World, & Country",1539
1668,"Folk, World, & Country",1540
1669,"Folk, World, & Country",1541
1670,"Folk, World, & Country",1542
1671,"Folk, World, & Country",1543
1672,"Folk, World, & Country",1544
1673,"Folk, World, & Country",1545
1674,Rock,1546
1675,Rock,1547
1676,"Rock, Pop",1548
1677,"Rock, Pop",1549
1678,"Rock, Pop",1550
1679,"Rock, Pop",1551
1680,"Rock, Pop",1552
1681,"Rock, Pop",1553
1682,"Rock, Pop",1554
1683,"Rock, Pop",1555
1684,"Electronic, Hip Hop, Pop",1556
1685,"Electronic, Hip Hop, Pop",1557
1686,"Rock, Pop",1558
1687,Hip Hop,1559
1688,Rock,1560
1689,Rock,1561
1690,Rock,1562
1691,Rock,1563
1692,Rock,1564
1693,"Rock, Blues, Folk, World, & Country",1565
1694,Hip Hop,1566
1695,Rock,1567
1696,Rock,1568
1697,Classical,1569
1698,"Rock, Non-Music, Pop",1570
1699,"Electronic, Pop",1571
1700,"Electronic, Pop",1572
1701,"Electronic, Pop",1573
1702,"Electronic, Pop",1574
1703,Rock,1575
1704,Rock,1576
1705,"Rock, Pop, Folk, World, & Country",1577
1706,"Rock, Pop, Folk, World, & Country",1578
1707,"Rock, Pop, Folk, World, & Country",1579
1708,"Rock, Pop, Folk, World, & Country",1580
1709,Hip Hop,1581
1710,"Electronic, Hip Hop, Rock, Pop",1582
1711,"Folk, World, & Country",1583
1712,"Rock, Pop",1584
1713,"Rock, Pop",1585
1714,Electronic,1586
1715,Rock,1587
1716,"Rock, Pop",1588
1717,"Rock, Classical",1589
1718,Hip Hop,1590
1719,Hip Hop,1591
1720,Hip Hop,1592
1721,"Folk, World, & Country",1593
1722,"Electronic, Hip Hop, Rock, Pop",1594
1723,Electronic,1595
1724,Hip Hop,1596
1725,Rock,1597
1726,Rock,1598
1727,Rock,1599
1728,"Hip Hop, Rock",1600
1729,"Rock, Latin, Funk / Soul, Blues, Pop",1601
1730,Rock,1602
1731,Rock,1603
1732,Rock,1604
1733,Rock,1605
1734,"Rock, Blues, Pop",1606
1735,"Jazz, Latin, Funk / Soul, Blues, Pop, Stage & Screen",1607
1736,Electronic,1608
1737,Electronic,1609
1738,Electronic,1610
1739,Electronic,1611
1740,Electronic,1612
1741,Electronic,1613
1742,Electronic,1614
1743,Electronic,1615
1744,Electronic,1616
1745,Electronic,1617
1746,Electronic,1618
1747,Electronic,1619
1748,Electronic,1620
1749,Electronic,1621
1750,Electronic,1622
1751,Electronic,1623
1752,"Folk, World, & Country",1624
1753,Hip Hop,1625
1754,Rock,1626
1755,Hip Hop,1627
1756,Rock,1628
1757,"Electronic, Funk / Soul",1629
1758,Reggae,1630
1759,Hip Hop,1631
1760,Rock,1632
1761,Rock,1633
1762,Rock,1634
1763,Funk / Soul,1635
1764,Hip Hop,1636
1765,Hip Hop,1637
1766,"Folk, World, & Country",1638
1767,"Folk, World, & Country",1639
1768,"Electronic, Pop",1640
1769,"Rock, Folk, World, & Country",1641
1770,Electronic,1642
1771,Rock,1643
1772,"Non-Music, Folk, World, & Country",1644
1773,"Electronic, Hip Hop",1645
1774,Rock,1646
1775,Rock,1647
1776,Funk / Soul,1648
1777,Funk / Soul,1649
1778,Hip Hop,1650
1779,Hip Hop,1651
1780,Hip Hop,1652
1781,Hip Hop,1653
1782,Hip Hop,1654
1783,Hip Hop,1655
1784,Hip Hop,1656
1785,Hip Hop,1657
1786,Hip Hop,1658
1787,Rock,1659
1788,Pop,1660
1789,Pop,1661
1790,Pop,1662
1791,Hip Hop,1663
1792,"Hip Hop, Funk / Soul",1664
1793,Hip Hop,1665
1794,Electronic,1666
1795,Hip Hop,1667
1796,Hip Hop,1668
1797,"Hip Hop, Funk / Soul",1669
1798,"Hip Hop, Funk / Soul",1670
1799,"Hip Hop, Funk / Soul",1671
1800,Electronic,1672
1801,Electronic,1673
1802,Electronic,1674
1803,Electronic,1675
1804,Electronic,1676
1805,Stage & Screen,1677
1806,Stage & Screen,1678
1807,"Funk / Soul, Pop",1679
1808,Rock,1680
1809,Rock,1681
1810,Rock,1682
1811,Rock,1683
1812,"Rock, Pop",1684
1813,"Latin, Funk / Soul, Folk, World, & Country",1685
1814,"Latin, Funk / Soul, Folk, World, & Country",1686
1815,"Latin, Funk / Soul, Folk, World, & Country",1687
1816,"Latin, Funk / Soul, Folk, World, & Country",1688
1817,"Hip Hop, Funk / Soul",1689
1818,Funk / Soul,1690
1819,"Folk, World, & Country",1691
1820,"Folk, World, & Country",1692
1821,"Folk, World, & Country",1693
1822,"Folk, World, & Country",1694
1823,"Folk, World, & Country",1695
1824,"Electronic, Pop",1696
1825,Rock,1697
1826,"Hip Hop, Pop",1698
1827,Funk / Soul,1699
1828,Rock,1700
1829,Rock,1701
1830,"Hip Hop, Funk / Soul",1702
1831,"Non-Music, Folk, World, & Country",1703
1832,"Non-Music, Folk, World, & Country",1704
1833,"Rock, Blues",1705
1834,Pop,1706
1835,Pop,1707
1836,"Pop, Classical",1708
1837,"Pop, Classical",1709
1838,"Jazz, Funk / Soul",1710
1839,"Rock, Pop, Folk, World, & Country",1711
1840,"Rock, Pop",1712
1841,"Rock, Pop",1713
1842,Funk / Soul,1714
1843,"Hip Hop, Pop, Childrens",1715
1844,"Rock, Pop",1716
1845,"Rock, Pop",1717
1846,Electronic,1718
1847,"Electronic, Hip Hop",1719
1848,"Electronic, Hip Hop",1720
1849,"Electronic, Hip Hop",1721
1850,"Electronic, Hip Hop",1722
1851,Hip Hop,1723
1852,"Electronic, Pop",1724
1853,Hip Hop,1725
1854,Electronic,1726
1855,Rock,1727
1856,Rock,1728
1857,Hip Hop,1729
1858,Electronic,1730
1859,Electronic,1731
1860,Electronic,1732
1861,Electronic,1733
1862,Electronic,1734
1863,Pop,1735
1864,Pop,1736
1865,Pop,1737
1866,Funk / Soul,1738
1867,Funk / Soul,1739
1868,"Blues, Pop",1740
1869,Hip Hop,1741
1870,Hip Hop,1742
1871,Hip Hop,1743
1872,"Hip Hop, Rock",1744
1873,Jazz,1745
1874,Hip Hop,1746
1875,Rock,1747
1876,Classical,1748
1877,Pop,1749
1878,Pop,1750
1879,"Hip Hop, Reggae, Funk / Soul, Pop",1751
1880,"Hip Hop, Reggae, Funk / Soul, Pop",1752
1881,"Hip Hop, Reggae, Funk / Soul, Pop",1753
1882,"Hip Hop, Reggae, Funk / Soul, Pop",1754
1883,"Hip Hop, Reggae, Funk / Soul, Pop",1755
1884,"Folk, World, & Country",1756
1885,"Folk, World, & Country",1757
1886,"Folk, World, & Country",1758
1887,"Pop, Folk, World, & Country",1759
1888,Rock,1760
1889,"Rock, Pop",1761
1890,"Rock, Pop",1762
1891,"Rock, Pop",1763
1892,"Rock, Pop",1764
1893,"Rock, Blues, Pop",1765
1894,"Rock, Blues, Pop",1766
1895,Rock,1767
1896,"Pop, Stage & Screen",1768
1897,Rock,1769
1898,Rock,1770
1899,Hip Hop,1771
1900,"Folk, World, & Country",1772
1901,"Folk, World, & Country",1773
1902,"Folk, World, & Country",1774
1903,"Folk, World, & Country",1775
1904,Rock,1776
1905,Rock,1777
1906,"Jazz, Rock, Funk / Soul",1778
1907,"Rock, Funk / Soul",1779
1908,"Rock, Funk / Soul, Pop",1780
1909,"Folk, World, & Country",1781
1910,"Folk, World, & Country",1782
1911,"Folk, World, & Country",1783
1912,"Folk, World, & Country",1784
1913,Reggae,1785
1914,Rock,1786
1915,"Rock, Stage & Screen",1787
1916,Rock,1788
1917,Rock,1789
1918,Rock,1790
1919,Hip Hop,1791
1920,Hip Hop,1792
1921,"Rock, Blues, Folk, World, & Country",1793
1922,Rock,1794
1923,Hip Hop,1795
1924,"Hip Hop, Funk / Soul, Pop",1796
1925,"Hip Hop, Funk / Soul, Pop",1797
1926,"Folk, World, & Country",1798
1927,"Folk, World, & Country",1799
1928,"Folk, World, & Country",1800
1929,"Folk, World, & Country",1801
1930,"Rock, Pop, Folk, World, & Country",1802
1931,"Rock, Folk, World, & Country",1803
1932,Hip Hop,1804
1933,Rock,1805
1934,Rock,1806
1935,Funk / Soul,1807
1936,"Jazz, Rock",1808
1937,"Electronic, Hip Hop, Pop",1809
1938,"Folk, World, & Country",1810
1939,"Folk, World, & Country",1811
1940,Rock,1812
1941,Rock,1813
1942,Rock,1814
1943,Rock,1815
1944,"Electronic, Hip Hop, Rock, Funk / Soul, Pop",1816
1945,Funk / Soul,1817
1946,Rock,1818
1947,Electronic,1819
1948,Electronic,1820
1949,Electronic,1821
1950,Electronic,1822
1951,"Electronic, Pop",1823
1952,Electronic,1824
1953,"Electronic, Pop",1825
1954,Electronic,1826
1955,"Latin, Pop",1827
1956,"Electronic, Pop",1828
1957,Hip Hop,1829
1958,Hip Hop,1830
1959,"Folk, World, & Country",1831
1960,"Folk, World, & Country",1832
1961,"Folk, World, & Country",1833
1962,"Folk, World, & Country",1834
1963,"Electronic, Rock",1835
1964,"Pop, Stage & Screen",1836
1965,"Pop, Stage & Screen",1837
1966,"Electronic, Pop",1838
1967,Rock,1839
1968,"Electronic, Funk / Soul, Pop",1840
1969,"Pop, Classical",1841
1970,"Hip Hop, Rock, Latin, Pop",1842
1971,"Rock, Pop",1843
1972,"Rock, Pop",1844
1973,"Jazz, Rock",1845
1974,"Jazz, Rock",1846
1975,"Jazz, Rock",1847
1976,"Jazz, Rock",1848
1977,"Jazz, Rock",1849
1978,"Jazz, Rock",1850
1979,"Electronic, Hip Hop, Pop",1851
1980,Hip Hop,1852
1981,Funk / Soul,1853
1982,Funk / Soul,1854
1983,Funk / Soul,1855
1984,Funk / Soul,1856
1985,Funk / Soul,1857
1986,Funk / Soul,1858
1987,Funk / Soul,1859
1988,Funk / Soul,1860
1989,Funk / Soul,1861
1990,Funk / Soul,1862
1991,"Hip Hop, Funk / Soul, Pop",1863
1992,Hip Hop,1864
1993,"Rock, Pop",1865
1994,"Folk, World, & Country",1866
1995,"Folk, World, & Country",1867
1996,Pop,1868
1997,Jazz,1869
1998,Pop,1870
1999,"Folk, World, & Country",1871
2000,"Electronic, Rock",1872
2001,Pop,1873
2002,Electronic,1874
2003,Electronic,1875
2004,Electronic,1876
2005,Electronic,1877
2006,Electronic,1878
2007,Rock,1879
2008,"Hip Hop, Pop",1880
2009,"Folk, World, & Country",1881
2010,Electronic,1882
2011,"Rock, Pop",1883
2012,"Rock, Pop",1884
2013,"Rock, Blues",1885
2014,Rock,1886
2015,Rock,1887
2016,Rock,1888
2017,Rock,1889
2018,Rock,1890
2019,Rock,1891
2020,"Electronic, Pop",1892
2021,Hip Hop,1893
2022,Hip Hop,1894
2023,Rock,1895
2024,"Folk, World, & Country",1896
2025,Rock,1897
2026,Rock,1898
2027,Rock,1899
2028,Rock,1900
2029,Non-Music,1901
2030,"Folk, World, & Country",1902
2031,Rock,1903
2032,Rock,1904
2033,Rock,1905
2034,"Electronic, Pop",1906
2035,"Electronic, Pop",1907
2036,"Electronic, Pop",1908
2037,"Rock, Pop",1909
2038,"Electronic, Pop",1910
2039,"Electronic, Pop",1911
2040,Hip Hop,1912
2041,"Electronic, Pop",1913
2042,Rock,1914
2043,Rock,1915
2044,"Electronic, Pop",1916
2045,"Electronic, Pop",1917
2046,"Electronic, Pop",1918
2047,Hip Hop,1919
2048,Electronic,1920
2049,Rock,1921
2050,Rock,1922
2051,Rock,1923
2052,"Pop, Folk, World, & Country",1924
2053,Hip Hop,1925
2054,Electronic,1926
2055,"Electronic, Hip Hop",1927
2056,"Rock, Folk, World, & Country",1928
2057,Funk / Soul,1929
2058,Funk / Soul,1930
2059,Rock,1931
2060,Rock,1932
2061,Hip Hop,1933
2062,"Folk, World, & Country",1934
2063,"Folk, World, & Country",1935
2064,"Folk, World, & Country",1936
2065,"Folk, World, & Country",1937
2066,"Folk, World, & Country",1938
2067,"Folk, World, & Country",1939
2068,"Folk, World, & Country",1940
2069,"Folk, World, & Country",1941
2070,"Folk, World, & Country",1942
2071,"Folk, World, & Country",1943
2072,"Hip Hop, Funk / Soul",1944
2073,"Electronic, Hip Hop",1945
2074,"Rock, Pop",1946
2075,"Rock, Pop",1947
2076,"Rock, Pop",1948
2077,Funk / Soul,1949
2078,"Folk, World, & Country",1950
2079,Rock,1951
2080,Rock,1952
2081,Funk / Soul,1953
2082,Funk / Soul,1954
2083,Hip Hop,1955
2084,"Pop, Folk, World, & Country",1956
2085,"Pop, Folk, World, & Country",1957
2086,"Pop, Folk, World, & Country",1958
2087,Rock,1959
2088,Non-Music,1960
2089,Pop,1961
2090,"Rock, Pop",1962
2091,Rock,1963
2092,"Electronic, Pop",1964
2093,Rock,1965
2094,"Folk, World, & Country",1966
2095,"Blues, Pop, Folk, World, & Country",1967
2096,"Electronic, Rock, Pop",1968
2097,"Electronic, Rock, Pop",1969
2098,Rock,1970
2099,Rock,1971
2100,Rock,1972
2101,Rock,1973
2102,Rock,1974
2103,Rock,1975
2104,Rock,1976
2105,Rock,1977
2106,Rock,1978
2107,Rock,1979
2108,Rock,1980
2109,Rock,1981
2110,Rock,1982
2111,Rock,1983
2112,Rock,1984
2113,Rock,1985
2114,Rock,1986
2115,Rock,1987
2116,Rock,1988
2117,Rock,1989
2118,Rock,1990
2119,Rock,1991
2120,Hip Hop,1992
2121,Hip Hop,1993
2122,Hip Hop,1994
2123,Hip Hop,1995
2124,Hip Hop,1996
2125,Hip Hop,1997
2126,Hip Hop,1998
2127,Pop,1999
2128,Jazz,2000
2129,"Latin, Pop",2001
2130,"Rock, Folk, World, & Country",2002
2131,Rock,2003
2132,Rock,2004
2133,"Jazz, Rock, Blues",2005
2134,Hip Hop,2006
2135,Electronic,2007
2136,"Electronic, Rock",2008
2137,"Electronic, Rock, Pop",2009
2138,Rock,2010
2139,Electronic,2011
2140,Rock,2012
2141,Rock,2013
2142,"Folk, World, & Country",2014
2143,"Folk, World, & Country",2015
2144,Pop,2016
2145,Pop,2017
2146,Hip Hop,2018
2147,Electronic,2019
2148,Electronic,2020
2149,Hip Hop,2021
2150,Hip Hop,2022
2151,Hip Hop,2023
2152,"Electronic, Funk / Soul, Pop",2024
2153,Rock,2025
2154,Rock,2026
2155,"Rock, Pop",2027
2156,Rock,2028
2157,Rock,2029
2158,"Electronic, Hip Hop, Pop",2030
2159,"Electronic, Hip Hop, Pop",2031
2160,"Rock, Blues, Pop",2032
2161,"Rock, Blues, Pop",2033
2162,"Folk, World, & Country",2034
2163,"Folk, World, & Country",2035
2164,"Folk, World, & Country",2036
2165,"Folk, World, & Country",2037
2166,"Folk, World, & Country",2038
2167,"Electronic, Hip Hop",2039
2168,Rock,2040
2169,Rock,2041
2170,Rock,2042
2171,Rock,2043
2172,Rock,2044
2173,"Jazz, Pop",2045
2174,"Jazz, Pop",2046
2175,"Jazz, Pop",2047
2176,Jazz,2048
2177,Rock,2049
2178,Rock,2050
2179,Electronic,2051
2180,Electronic,2052
2181,Hip Hop,2053
2182,Hip Hop,2054
2183,Rock,2055
2184,"Folk, World, & Country",2056
2185,"Folk, World, & Country",2057
2186,Rock,2058
2187,Rock,2059
2188,"Folk, World, & Country",2060
2189,"Electronic, Rock, Funk / Soul, Pop",2061
2190,"Electronic, Rock, Funk / Soul, Pop",2062
2191,"Folk, World, & Country",2063
2192,"Folk, World, & Country",2064
2193,"Folk, World, & Country",2065
2194,"Folk, World, & Country",2066
2195,"Folk, World, & Country",2067
2196,"Folk, World, & Country",2068
2197,"Hip Hop, Funk / Soul",2069
2198,"Hip Hop, Funk / Soul",2070
2199,"Pop, Folk, World, & Country",2071
2200,"Latin, Pop",2072
2201,"Latin, Pop",2073
2202,Electronic,2074
2203,Rock,2075
2204,Hip Hop,2076
2205,Rock,2077
2206,"Folk, World, & Country",2078
2207,Pop,2079
2208,"Electronic, Hip Hop, Rock",2080
2209,Rock,2081
2210,Rock,2082
2211,Rock,2083
2212,Rock,2084
2213,Rock,2085
2214,Rock,2086
2215,Rock,2087
2216,Rock,2088
2217,"Jazz, Funk / Soul",2089
2218,Electronic,2090
2219,"Hip Hop, Funk / Soul",2091
2220,"Electronic, Pop",2092
2221,Rock,2093
2222,Rock,2094
2223,Rock,2095
2224,Rock,2096
2225,Rock,2097
2226,"Rock, Folk, World, & Country",2098
2227,Jazz,2099
2228,Jazz,2100
2229,Jazz,2101
2230,"Rock, Pop",2102
2231,"Electronic, Rock",2103
2232,"Electronic, Rock",2104
2233,"Electronic, Rock",2105
2234,Pop,2106
2235,"Rock, Pop",2107
2236,Rock,2108
2237,"Rock, Pop",2109
2238,"Folk, World, & Country",2110
2239,Funk / Soul,2111
2240,"Rock, Folk, World, & Country",2112
2241,"Rock, Folk, World, & Country",2113
2242,"Reggae, Pop",2114
2243,Hip Hop,2115
2244,"Rock, Pop",2116
2245,"Rock, Pop",2117
2246,"Rock, Pop",2118
2247,Rock,2119
2248,Rock,2120
2249,Funk / Soul,2121
2250,"Rock, Folk, World, & Country",2122
2251,Rock,2123
2252,Rock,2124
2253,Funk / Soul,2125
2254,Funk / Soul,2126
2255,Funk / Soul,2127
2256,"Electronic, Latin",2128
2257,Hip Hop,2129
2258,Hip Hop,2130
2259,Funk / Soul,2131
2260,Jazz,2132
2261,Rock,2133
2262,Electronic,2134
2263,"Folk, World, & Country",2135
2264,"Folk, World, & Country",2136
2265,Rock,2137
2266,"Electronic, Jazz, Rock, Pop",2138
2267,Rock,2139
2268,Rock,2140
2269,Hip Hop,2141
2270,"Electronic, Rock",2142
2271,Rock,2143
2272,Funk / Soul,2144
2273,Funk / Soul,2145
2274,Rock,2146
2275,Rock,2147
2276,"Folk, World, & Country",2148
2277,"Folk, World, & Country",2149
2278,"Folk, World, & Country",2150
2279,"Folk, World, & Country",2151
2280,"Hip Hop, Pop",2152
2281,"Hip Hop, Pop",2153
2282,"Hip Hop, Pop",2154
2283,"Hip Hop, Pop",2155
2284,Pop,2156
2285,"Hip Hop, Stage & Screen",2157
2286,Hip Hop,2158
2287,Hip Hop,2159
2288,Hip Hop,2160
2289,Hip Hop,2161
2290,Hip Hop,2162
2291,Hip Hop,2163
2292,"Hip Hop, Rock",2164
2293,Hip Hop,2165
2294,Electronic,2166
2295,Stage & Screen,2167
2296,Stage & Screen,2168
2297,"Rock, Pop",2169
2298,"Electronic, Hip Hop, Latin",2170
2299,"Folk, World, & Country",2171
2300,Hip Hop,2172
2301,Hip Hop,2173
2302,Pop,2174
2303,"Hip Hop, Funk / Soul",2175
2304,"Hip Hop, Funk / Soul",2176
2305,Rock,2177
2306,Rock,2178
2307,Rock,2179
2308,Rock,2180
2309,"Rock, Folk, World, & Country",2181
2310,"Folk, World, & Country",2182
2311,Hip Hop,2183
2312,"Folk, World, & Country",2184
2313,Rock,2185
2314,Rock,2186
2315,Rock,2187
2316,Rock,2188
2317,Rock,2189
2318,Rock,2190
2319,"Rock, Blues",2191
2320,"Rock, Blues",2192
2321,"Rock, Blues",2193
2322,"Rock, Blues",2194
2323,"Rock, Folk, World, & Country",2195
2324,"Rock, Folk, World, & Country",2196
2325,"Rock, Folk, World, & Country",2197
2326,"Electronic, Hip Hop",2198
2327,Rock,2199
2328,"Folk, World, & Country",2200
2329,"Folk, World, & Country",2201
2330,Rock,2202
2331,"Electronic, Pop",2203
2332,Rock,2204
2333,Rock,2205
2334,Rock,2206
2335,Rock,2207
2336,Rock,2208
2337,Rock,2209
2338,Hip Hop,2210
2339,Latin,2211
2340,Electronic,2212
2341,Electronic,2213
2342,Pop,2214
2343,Pop,2215
2344,Pop,2216
2345,Pop,2217
2346,"Rock, Folk, World, & Country",2218
2347,"Folk, World, & Country",2219
2348,"Hip Hop, Classical",2220
2349,"Hip Hop, Classical",2221
2350,"Hip Hop, Classical",2222
2351,"Hip Hop, Classical",2223
2352,"Hip Hop, Classical",2224
2353,"Hip Hop, Classical",2225
2354,"Hip Hop, Classical",2226
2355,"Hip Hop, Classical",2227
2356,Pop,2228
2357,Pop,2229
2358,Pop,2230
2359,Hip Hop,2231
2360,"Folk, World, & Country",2232
2361,"Hip Hop, Funk / Soul",2233
2362,Non-Music,2234
2363,"Hip Hop, Pop",2235
2364,Hip Hop,2236
2365,Hip Hop,2237
2366,Hip Hop,2238
2367,"Hip Hop, Funk / Soul",2239
2368,"Folk, World, & Country",2240
2369,"Folk, World, & Country",2241
2370,"Folk, World, & Country",2242
2371,"Folk, World, & Country",2243
2372,"Folk, World, & Country",2244
2373,"Pop, Folk, World, & Country",2245
2374,"Pop, Folk, World, & Country",2246
2375,"Folk, World, & Country",2247
2376,Hip Hop,2248
2377,"Folk, World, & Country",2249
2378,"Hip Hop, Funk / Soul",2250
2379,"Rock, Funk / Soul, Pop, Folk, World, & Country",2251
2380,"Rock, Funk / Soul, Pop, Folk, World, & Country",2252
2381,Rock,2253
2382,Rock,2254
2383,Electronic,2255
2384,"Funk / Soul, Pop",2256
2385,Hip Hop,2257
2386,Hip Hop,2258
2387,Rock,2259
2388,"Rock, Blues, Folk, World, & Country",2260
2389,"Folk, World, & Country",2261
2390,Funk / Soul,2262
2391,Rock,2263
2392,Rock,2264
2393,Rock,2265
2394,Hip Hop,2266
2395,Hip Hop,2267
2396,Rock,2268
2397,"Jazz, Funk / Soul",2269
2398,Rock,2270
2399,Rock,2271
2400,Hip Hop,2272
2401,"Hip Hop, Rock",2273
2402,"Hip Hop, Rock",2274
2403,"Hip Hop, Rock",2275
2404,"Electronic, Pop",2276
2405,"Rock, Folk, World, & Country",2277
2406,"Rock, Folk, World, & Country",2278
2407,"Electronic, Hip Hop, Pop",2279
2408,"Electronic, Hip Hop, Pop",2280
2409,"Electronic, Hip Hop, Pop",2281
2410,Rock,2282
2411,"Electronic, Pop",2283
2412,"Folk, World, & Country",2284
2413,Rock,2285
2414,Rock,2286
2415,Rock,2287
2416,Rock,2288
2417,"Folk, World, & Country",2289
2418,"Folk, World, & Country",2290
2419,"Folk, World, & Country",2291
2420,"Rock, Pop",2292
2421,"Rock, Pop",2293
2422,Rock,2294
2423,Rock,2295
2424,Hip Hop,2296
2425,Hip Hop,2297
2426,Hip Hop,2298
2427,Hip Hop,2299
2428,Hip Hop,2300
2429,Hip Hop,2301
2430,Hip Hop,2302
2431,Hip Hop,2303
2432,Hip Hop,2304
2433,Hip Hop,2305
2434,Hip Hop,2306
2435,Hip Hop,2307
2436,"Electronic, Hip Hop",2308
2437,"Hip Hop, Rock",2309
2438,"Pop, Folk, World, & Country",2310
2439,"Pop, Folk, World, & Country",2311
2440,"Pop, Folk, World, & Country",2312
2441,Rock,2313
2442,Rock,2314
2443,Rock,2315
2444,"Folk, World, & Country",2316
2445,Rock,2317
2446,"Rock, Folk, World, & Country",2318
2447,Electronic,2319
2448,Electronic,2320
2449,Electronic,2321
2450,Rock,2322
2451,"Folk, World, & Country",2323
2452,"Folk, World, & Country",2324
2453,Rock,2325
2454,Rock,2326
2455,Rock,2327
2456,Rock,2328
2457,Rock,2329
2458,Funk / Soul,2330
2459,Hip Hop,2331
2460,Hip Hop,2332
2461,"Folk, World, & Country",2333
2462,"Folk, World, & Country",2334
2463,"Folk, World, & Country",2335
2464,"Folk, World, & Country",2336
